{"init_params": {"cat_dims": [], "cat_emb_dim": 1, "cat_idxs": [], "clip_value": 1, "device_name": "cpu", "epsilon": 1e-15, "gamma": 1.3, "input_dim": 54, "lambda_sparse": 0, "mask_type": "entmax", "momentum": 0.02, "n_a": 8, "n_d": 8, "n_indep_decoder": 1, "n_independent": 2, "n_shared": 2, "n_shared_decoder": 1, "n_steps": 3, "optimizer_params": {"lr": 0.02, "weight_decay": 1e-05}, "output_dim": [7], "scheduler_params": {"step_size": 10, "gamma": 0.9}, "seed": 42, "verbose": 10}, "class_attrs": {"preds_mapper": [{"0": "0", "1": "1", "2": "2", "3": "3", "4": "4", "5": "5", "6": "6"}]}}